precio,moneda,ubicacion,titulo,detalle_url
140.000,USD,Av. Lucas Braulio Areco - Chacra 191,"Terreno en Venta en Altos De Bella Vista, Posadas",https://www.argenprop.com/terreno-en-venta-en-altos-de-bella-vista--17780048
260.000,USD,Bahía El Brete,"Terreno en Venta en Posadas, Misiones Capital",https://www.argenprop.com/terreno-en-venta-en-posadas--16049462
Consultar precio,,AV. URUGUAY 4000,"Terreno en Venta en Posadas, Misiones Capital",https://www.argenprop.com/terreno-en-venta-en-posadas--17206612
200.000,USD,AV. LUCAS BRAULIO ARECO,"Terreno en Venta en Posadas, Misiones Capital",https://www.argenprop.com/terreno-en-venta-en-posadas--16770335
Consultar precio,,ANGEL ACUÑA 600,"Terreno en Venta en Posadas, Misiones Capital",https://www.argenprop.com/terreno-en-venta-en-posadas--17101852
83.000,USD,"Terreno sobre Av. Tomas Guido, Posadas","Terreno en Venta en Posadas, Misiones Capital",https://www.argenprop.com/terreno-en-venta-en-posadas--17496156
300.000,USD,Av. Santa Catalina,"Terreno en Venta en Posadas, Misiones Capital",https://www.argenprop.com/terreno-en-venta-en-posadas--16682705
92.000,USD,Av. Rosales,"Terreno en Venta en Posadas, Misiones Capital",https://www.argenprop.com/terreno-en-venta-en-posadas--15447817
75.000,USD,BROWN Y VIVANCO,"Terreno en Venta en Posadas, Misiones Capital",https://www.argenprop.com/terreno-en-venta-en-posadas--12086440
220.000,USD,Terreno en barrio cerrado Puerto Laurel,"Terreno en Venta en Posadas, Misiones Capital",https://www.argenprop.com/terreno-en-venta-en-posadas--17495045
140.000,USD,AV. LUCAS BRAULIO ARECO,"Terreno en Venta en Posadas, Misiones Capital",https://www.argenprop.com/terreno-en-venta-en-posadas--16770333
480.000,USD,Ruta 12,"Terreno en Venta en Posadas, Misiones Capital",https://www.argenprop.com/terreno-en-venta-en-posadas--5828300
25.000,USD,59 7100,"Terreno en Venta en Posadas, Misiones Capital",https://www.argenprop.com/terreno-en-venta-en-posadas--16869911
80.000,USD,Av. Las Heras c/López y Planes,"Terreno en Venta en Posadas, Misiones Capital",https://www.argenprop.com/terreno-en-venta-en-posadas--17120315
260.000,USD,Av. Santa Catalina,"Terreno en Venta en Posadas, Misiones Capital",https://www.argenprop.com/terreno-en-venta-en-posadas--4758094
520.000,USD,Av. 17 De Agosto,"Terreno en Venta en Posadas, Misiones Capital",https://www.argenprop.com/terreno-en-venta-en-posadas--11496482
120.000,USD,Terreno ubicado en Av. Rademacher al 4000,"Terreno en Venta en Posadas, Misiones Capital",https://www.argenprop.com/terreno-en-venta-en-posadas--16392275
115.000,USD,Encarnación Paraguay,"Terreno en Venta en Posadas, Misiones Capital",https://www.argenprop.com/terreno-en-venta-en-posadas--15382789
55.000,USD,Calle 97 100,"Terreno en Venta en Posadas, Misiones Capital",https://www.argenprop.com/terreno-en-venta-en-posadas--16765585
320.000,USD,Av. Trincheras de San José 1099,"Terreno en Venta en Posadas, Misiones Capital",https://www.argenprop.com/terreno-en-venta-en-posadas--12646097
90.000,USD,Av Jauretche 6100,"Terreno en Venta en Posadas, Misiones Capital",https://www.argenprop.com/terreno-en-venta-en-posadas--6719628
160.000,USD,"Lote en Nemesio Parma, Misiones","Terreno en Venta en Posadas, Misiones Capital",https://www.argenprop.com/terreno-en-venta-en-posadas--17442027
310.000,USD,Av 147,"Terreno en Venta en Posadas, Misiones Capital",https://www.argenprop.com/terreno-en-venta-en-posadas--15052810
Consultar precio,,AV. RADEMACHER 5600,"Terreno en Venta en Posadas, Misiones Capital",https://www.argenprop.com/terreno-en-venta-en-posadas--12814235
250.000,USD,"Terreno sobre calle Córdoba, Posadas","Terreno en Venta en Posadas, Misiones Capital",https://www.argenprop.com/terreno-en-venta-en-posadas--13737112
Consultar precio,,AV. LUCAS BRAULIO ARECO,"Terreno en Venta en Posadas, Misiones Capital",https://www.argenprop.com/terreno-en-venta-en-posadas--16770334
300.000,USD,"Ayacucho entre Sarmiento y Sana Fé, Posadas, Misiones, Argentina","Terreno en Venta en Posadas, Misiones Capital",https://www.argenprop.com/terreno-en-venta-en-posadas--17019687
250.000,USD,Monteagudo 2100,"Terreno en Venta en Posadas, Misiones Capital",https://www.argenprop.com/terreno-en-venta-en-posadas--16128799
36.000,USD,Artigas 5600,"Terreno en Venta en Posadas, Misiones Capital",https://www.argenprop.com/terreno-en-venta-en-posadas--16904206
48.000,USD,Av. 147,"Terreno en Venta en Posadas, Misiones Capital",https://www.argenprop.com/terreno-en-venta-en-posadas--5776515
13.000,USD,AV ALBERTO ROTH,"Terreno en Venta en Posadas, Misiones Capital",https://www.argenprop.com/terreno-en-venta-en-posadas--12692004
30.000,USD,Terreno en Costamango,"Terreno en Venta en Posadas, Misiones Capital",https://www.argenprop.com/terreno-en-venta-en-posadas--17371708
Consultar precio,,RUTA 12 BY PASS 105 ARCO,"Terreno en Venta en Posadas, Misiones Capital",https://www.argenprop.com/terreno-en-venta-en-posadas--12692000
35.000,USD,SANTA CECILIA,"Terreno en Venta en Posadas, Misiones Capital",https://www.argenprop.com/terreno-en-venta-en-posadas--9229350
92.000,USD,MAIPU ENTRE MISIONES Y HUMBOLDT 1000,"Terreno en Venta en Posadas, Misiones Capital",https://www.argenprop.com/terreno-en-venta-en-posadas--12086255
34.000,USD,JAURETCHE Y BUSTAMANTE 1000,"Terreno en Venta en Posadas, Misiones Capital",https://www.argenprop.com/terreno-en-venta-en-posadas--12086270
170.000,USD,LOPEZ TORRE Y MONTEAGUDO 1000,"Terreno en Venta en Posadas, Misiones Capital",https://www.argenprop.com/terreno-en-venta-en-posadas--12086271
190.000,USD,CALLE FORES PEDRO PERPETUO,"Terreno en Venta en Posadas, Misiones Capital",https://www.argenprop.com/terreno-en-venta-en-posadas--12086278
30.000,USD,Calle 111 Haití Y 166,"Terreno en Venta en Posadas, Misiones Capital",https://www.argenprop.com/terreno-en-venta-en-posadas--12086324
28.500,USD,GEORGIAS DEL SUR Y CAPITAN GIACHINO 1000,"Terreno en Venta en Posadas, Misiones Capital",https://www.argenprop.com/terreno-en-venta-en-posadas--12086373
